{"segments": [{"id": 0, "seek": 0, "start": 0.0, "end": 11.0, "text": " And so my fellow Americans, ask not what your country can do for you, ask what you can do for your country.", "tokens": [50364, 400, 370, 452, 7177, 6280, 11, 1029, 406, 437, 428, 1941, 393, 360, 337, 291, 11, 1029, 437, 291, 393, 360, 337, 428, 1941, 13, 50914], "temperature": 0.0, "avg_logprob": -0.20427462032863072, "compression_ratio": 1.3544303797468353, "no_speech_prob": 0.04382958635687828}], "language": "en", "text": " And so my fellow Americans, ask not what your country can do for you, ask what you can do for your country."}